date,description,merchant,type,amount,main_category,sub_category,bank,account
2025-01-03,Salary/regular Income From Goldenwest Credit Union,Payroll Deposit,credit,632.09,Income,Paychecks,goldenwest,checking
2025-01-07,Byu,BYU (Campus Services),debit,-60.0,Education,Education,sofi,savings
2025-01-10,Brigham Young Un,BYU Refund,credit,353.0,Income,Refunds,sofi,savings
2025-01-14,Byu,BYU (Campus Services),debit,-158.0,Education,Education,sofi,savings
2025-01-17,Salary/regular Income From Goldenwest Credit Union,Payroll Deposit,credit,682.91,Income,Paychecks,goldenwest,checking
2025-01-21,Bear River,Bear River Insurance,debit,-189.34,General Spending,Insurance,sofi,savings
2025-01-21,Deposit S Kerby Reim For Training Mileage,Mileage Reimbursement,credit,769.16,Income,Other Income,goldenwest,checking
2025-01-28,Byu,BYU (Campus Services),debit,-281.9,Education,Education,sofi,savings
2025-01-29,Ch Jesuschrist,Church Donations,debit,-185.0,Gifts & Donations,Tithing,sofi,savings
2025-01-29,Ch Jesuschrist,Church Donations,debit,-145.0,Gifts & Donations,Tithing,sofi,savings
2025-01-31,Interest Earned,Interest Earned,credit,15.49,Savings & Investments,Dividends,sofi,savings
2025-01-31,Deposit Dividend Annual Percentage Yield Earned 0.05% From 01/01/25 Through 01/31/25,Interest Earned,credit,0.18,Savings & Investments,Dividends,goldenwest,checking
2025-01-31,Salary/regular Income From Goldenwest Credit Union,Payroll Deposit,credit,613.56,Income,Paychecks,goldenwest,checking
2025-01-31,Walmart,Walmart Supercenter,debit,-198.23,Food & Dining,Groceries,goldenwest,checking
2025-01-31,Deposit Dividend Annual Percentage Yield Earned 6.21% From 01/01/25 Through 01/31/25,Interest Earned,credit,0.26,Savings & Investments,Dividends,goldenwest,gold account
2025-02-11,Costco,Costco Wholesale,credit,26.77,Food & Dining,Groceries,goldenwest,checking
2025-02-12,Byu,BYU (Campus Services),debit,-163.0,Education,Education,sofi,savings
2025-02-12,Walmart,Walmart Supercenter,debit,-244.25,Food & Dining,Groceries,goldenwest,checking
2025-02-13,Maverik,Maverik,debit,-49.24,Transportation,Fuel,goldenwest,checking
2025-02-14,Salary/regular Income From Goldenwest Credit Union,Payroll Deposit,credit,1119.93,Income,Paychecks,goldenwest,checking
2025-02-14,Deposit S Kerby Reim For Training Mileage,Mileage Reimbursement,credit,114.8,Income,Other Income,goldenwest,checking
2025-02-19,Bear River,Bear River Insurance,debit,-189.0,General Spending,Insurance,sofi,savings
2025-02-28,Salary/regular Income From Goldenwest Credit Union,Payroll Deposit,credit,627.36,Income,Paychecks,goldenwest,checking
2025-02-28,Deposit Dividend Annual Percentage Yield Earned 6.23% From 02/01/25 Through 02/28/25,Interest Earned,credit,0.25,Savings & Investments,Dividends,goldenwest,gold account
2025-02-28,Deposit Dividend Annual Percentage Yield Earned 0.05% From 02/01/25 Through 02/28/25,Interest Earned,credit,0.23,Savings & Investments,Dividends,goldenwest,checking
2025-02-28,Interest Earned,Interest Earned,credit,5.62,Savings & Investments,Dividends,sofi,savings
2025-03-03,Walmart,Walmart Supercenter,debit,-37.52,Food & Dining,Groceries,goldenwest,checking
2025-03-03,Walmart,Walmart Supercenter,debit,-51.15,Food & Dining,Groceries,goldenwest,checking
2025-03-04,Taco Bell,Taco Bell,debit,-19.02,Food & Dining,Fast Food,goldenwest,checking
2025-03-06,Withdrawal #xx0480 Oak Hills Pharmacy Provo Ut Card 4143,Oak Hills Pharmacy,debit,-23.01,Health & Wellness,Pharmacy,goldenwest,checking
2025-03-07,Withdrawal Payroll Withdraw,Payroll Deposit,debit,-101.63,Income,Paychecks,goldenwest,checking
2025-03-07,Ross Stores,Ross,debit,-21.3,Shopping & Supplies,General Retail,goldenwest,checking
2025-03-08,Walmart,Walmart Supercenter,debit,-66.34,Food & Dining,Groceries,goldenwest,checking
2025-03-09,Carl's Jr.,Carl's Jr.,debit,-22.5,Food & Dining,Fast Food,goldenwest,checking
2025-03-10,Fabulous Freddy's,Fabulous Freddy's,debit,-12.83,Food & Dining,Fast Food,goldenwest,checking
2025-03-10,Barnes & Noble,Barnes & Noble,debit,-52.29,Shopping & Supplies,General Retail,goldenwest,checking
2025-03-10,Bath & Body Works,Bath & Body Works,debit,-46.76,Health & Wellness,Personal Care,goldenwest,checking
2025-03-10,Victoria's Secret,Victoria's Secret,debit,-45.32,Health & Wellness,Personal Care,goldenwest,checking
2025-03-10,Jcpenney,Jcpenney,debit,-41.35,Shopping & Supplies,Clothing,goldenwest,checking
2025-03-10,Dick's Sporting Goods,Dick's Sporting Goods,debit,-32.01,Shopping & Supplies,General Retail,goldenwest,checking
2025-03-11,Walmart,Walmart Supercenter,debit,-55.25,Food & Dining,Groceries,goldenwest,checking
2025-03-12,Taco Bell,Taco Bell,debit,-21.0,Food & Dining,Fast Food,goldenwest,checking
2025-03-12,Famous Footwear,Famous Footwear,debit,-98.0,Shopping & Supplies,Clothing,goldenwest,checking
2025-03-13,Chick-fil-a,Chick-fil-A,debit,-13.24,Food & Dining,Fast Food,goldenwest,checking
2025-03-13,Downeast,Downeast,debit,-72.93,Shopping & Supplies,Clothing,goldenwest,checking
2025-03-13,Downeast,Downeast,debit,-27.75,Shopping & Supplies,Clothing,goldenwest,checking
2025-03-13,Panda Express,Panda Express,debit,-26.4,Food & Dining,Fast Food,goldenwest,checking
2025-03-13,Withdrawal Red Cliffs Boba Tea & Co St. George Ut Date Xx 5812 Card 4143,Red Cliffs Boba Tea,debit,-9.06,Food & Dining,Fast Food,goldenwest,checking
2025-03-14,Salary/regular Income From Goldenwest Credit Union,Payroll Deposit,credit,564.52,Income,Paychecks,goldenwest,checking
2025-03-14,Taco Bell,Taco Bell,debit,-13.0,Food & Dining,Fast Food,goldenwest,checking
2025-03-15,Maverik,Maverik,debit,-49.01,Transportation,Fuel,goldenwest,checking
2025-03-15,Walmart,Walmart Supercenter,debit,-22.28,Food & Dining,Groceries,goldenwest,checking
2025-03-19,Walmart,Walmart Supercenter,debit,-135.57,Food & Dining,Groceries,goldenwest,checking
2025-03-19,Bear River,Bear River Insurance,debit,-189.0,General Spending,Insurance,sofi,savings
2025-03-23,Taco Bell,Taco Bell,debit,-24.0,Food & Dining,Fast Food,goldenwest,checking
2025-03-25,Maverik,Maverik,debit,-48.71,Transportation,Fuel,goldenwest,checking
2025-03-26,Byu,BYU (Campus Services),debit,-173.0,Education,Education,sofi,savings
2025-03-26,Subway,Subway,debit,-15.45,Food & Dining,Fast Food,goldenwest,checking
2025-03-27,Withdrawal #xx9725 Oak Hills Pharmacy Provo Ut Card 4143,Oak Hills Pharmacy,debit,-23.01,Health & Wellness,Pharmacy,goldenwest,checking
2025-03-28,Salary/regular Income From Goldenwest Credit Union,Payroll Deposit,credit,588.64,Income,Paychecks,goldenwest,checking
2025-03-29,Walmart,Walmart Supercenter,debit,-106.48,Food & Dining,Groceries,goldenwest,checking
2025-03-29,Costco,Costco Wholesale,debit,-175.29,Food & Dining,Groceries,goldenwest,checking
2025-03-31,Deposit Dividend Annual Percentage Yield Earned 1.01% From 03/25/25 Through 03/31/25,Interest Earned,credit,0.77,Savings & Investments,Dividends,goldenwest,money market
2025-03-31,Withdrawal Gdp*crosspointe Dental In Orem Ut Date Xx 8021 Card 4143,Crosspointe Dental,debit,-158.0,General Spending,Medical,goldenwest,checking
2025-03-31,Interest Earned,Interest Earned,credit,0.25,Savings & Investments,Dividends,sofi,savings
2025-03-31,Deposit Dividend Annual Percentage Yield Earned 6.14% From 03/01/25 Through 03/31/25,Interest Earned,credit,0.33,Savings & Investments,Dividends,goldenwest,gold account
2025-03-31,Deposit Dividend Annual Percentage Yield Earned 0.05% From 03/01/25 Through 03/31/25,Interest Earned,credit,0.24,Savings & Investments,Dividends,goldenwest,checking
2025-04-01,Withdrawal Ach Ch Jesuschrist Type: Donation Id: Xx4341 Data: Xx5065 Co: Ch Jesuschrist Name: Savanna Brooke Kerby,Church Donations,debit,-205.0,Gifts & Donations,Tithing,goldenwest,checking
2025-04-01,Walmart,Walmart Supercenter,debit,-160.31,Food & Dining,Groceries,goldenwest,checking
2025-04-01,Withdrawal Ach Ch Jesuschrist Type: Donation Id: Xx4341 Data: Xx5065 Co: Ch Jesuschrist Name: Savanna Brooke Kerby,Church Donations,debit,-320.0,Gifts & Donations,Tithing,goldenwest,checking
2025-04-04,"Robinhood Securities, Llc",Robinhood Investment,debit,-150.0,Savings & Investments,Investments,goldenwest,checking
2025-04-04,Hobby Lobby,Hobby Lobby,debit,-26.6,Shopping & Supplies,Hobbies,goldenwest,checking
2025-04-04,Ross Stores,Ross,debit,-33.96,Shopping & Supplies,General Retail,goldenwest,checking
2025-04-05,Taco Bell,Taco Bell,debit,-16.0,Food & Dining,Fast Food,goldenwest,checking
2025-04-06,"Robinhood Securities, Llc",Robinhood Investment,debit,-1.01,Savings & Investments,Investments,goldenwest,checking
2025-04-06,"Robinhood Securities, Llc",Robinhood Investment,debit,-1.01,Savings & Investments,Investments,goldenwest,checking
2025-04-06,"Robinhood Securities, Llc",Robinhood Investment,debit,-1.01,Savings & Investments,Investments,goldenwest,checking
2025-04-06,"Robinhood Securities, Llc",Robinhood Investment,debit,-1.01,Savings & Investments,Investments,goldenwest,checking
2025-04-06,"Robinhood Securities, Llc",Robinhood Investment,debit,-1.01,Savings & Investments,Investments,goldenwest,checking
2025-04-07,"Robinhood Securities, Llc",Robinhood Investment,debit,-1.01,Savings & Investments,Investments,goldenwest,checking
2025-04-07,"Robinhood Securities, Llc",Robinhood Investment,debit,-1.01,Savings & Investments,Investments,goldenwest,checking
2025-04-07,"Robinhood Securities, Llc",Robinhood Investment,debit,-1.01,Savings & Investments,Investments,goldenwest,checking
2025-04-07,"Robinhood Securities, Llc",Robinhood Investment,debit,-1.01,Savings & Investments,Investments,goldenwest,checking
2025-04-07,"Robinhood Securities, Llc",Robinhood Investment,debit,-1.01,Savings & Investments,Investments,goldenwest,checking
2025-04-07,Maverik,Maverik,debit,-49.92,Transportation,Fuel,goldenwest,checking
2025-04-08,Robinhood,Robinhood Investment,debit,-15.0,Savings & Investments,Investments,goldenwest,money market
2025-04-08,"Robinhood Securities, Llc",Robinhood Investment,debit,-1.01,Savings & Investments,Investments,goldenwest,checking
2025-04-08,Robinhood,Robinhood Investment,debit,-500.0,Savings & Investments,Investments,goldenwest,money market
2025-04-08,"Robinhood Securities, Llc",Robinhood Investment,debit,-1.01,Savings & Investments,Investments,goldenwest,checking
2025-04-08,"Robinhood Securities, Llc",Robinhood Investment,debit,-1.01,Savings & Investments,Investments,goldenwest,checking
2025-04-08,"Robinhood Securities, Llc",Robinhood Investment,debit,-1.01,Savings & Investments,Investments,goldenwest,checking
2025-04-08,"Robinhood Securities, Llc",Robinhood Investment,debit,-1.01,Savings & Investments,Investments,goldenwest,checking
2025-04-09,Recurring Withdrawal Card Fee Visa International Service Assessment Date Card 4143,Visa International Service Assessment,debit,-0.37,General Spending,Other,goldenwest,checking
2025-04-09,"Robinhood Securities, Llc",Robinhood Investment,debit,-1.01,Savings & Investments,Investments,goldenwest,checking
2025-04-09,"Robinhood Securities, Llc",Robinhood Investment,debit,-1.01,Savings & Investments,Investments,goldenwest,checking
2025-04-09,"Robinhood Securities, Llc",Robinhood Investment,debit,-1.01,Savings & Investments,Investments,goldenwest,checking
2025-04-09,"Robinhood Securities, Llc",Robinhood Investment,debit,-1.01,Savings & Investments,Investments,goldenwest,checking
2025-04-09,Recurring Withdrawal Ebook Accademy London Gb Date Xx 5977 Card 4143,Ebook Academy,debit,-37.0,Education,Books,goldenwest,checking
2025-04-09,"Robinhood Securities, Llc",Robinhood Investment,debit,-1.01,Savings & Investments,Investments,goldenwest,checking
2025-04-10,"Robinhood Securities, Llc",Robinhood Investment,debit,-1.01,Savings & Investments,Investments,goldenwest,checking
2025-04-10,Roxberry Juice Co.,Roxberry Juice Co.,debit,-26.43,Food & Dining,Fast Food,goldenwest,checking
2025-04-10,"Robinhood Securities, Llc",Robinhood Investment,debit,-1.01,Savings & Investments,Investments,goldenwest,checking
2025-04-10,"Robinhood Securities, Llc",Robinhood Investment,debit,-1.01,Savings & Investments,Investments,goldenwest,checking
2025-04-10,"Robinhood Securities, Llc",Robinhood Investment,debit,-1.01,Savings & Investments,Investments,goldenwest,checking
2025-04-10,"Robinhood Securities, Llc",Robinhood Investment,debit,-1.01,Savings & Investments,Investments,goldenwest,checking
2025-04-11,Taco Bell,Taco Bell,debit,-15.83,Food & Dining,Fast Food,goldenwest,checking
2025-04-11,Salary/regular Income From Goldenwest Credit Union,Payroll Deposit,credit,533.19,Income,Paychecks,goldenwest,checking
2025-04-11,Robinhood,Robinhood Investment,debit,-40.0,Savings & Investments,Investments,goldenwest,money market
2025-04-11,Robinhood,Robinhood Investment,debit,-324.9,Savings & Investments,Investments,goldenwest,money market
2025-04-11,Robinhood,Robinhood Investment,debit,-25.0,Savings & Investments,Investments,goldenwest,money market
2025-04-12,"Robinhood Securities, Llc",Robinhood Investment,debit,-1.01,Savings & Investments,Investments,goldenwest,checking
2025-04-12,"Robinhood Securities, Llc",Robinhood Investment,debit,-1.01,Savings & Investments,Investments,goldenwest,checking
2025-04-12,"Robinhood Securities, Llc",Robinhood Investment,debit,-1.01,Savings & Investments,Investments,goldenwest,checking
2025-04-12,"Robinhood Securities, Llc",Robinhood Investment,debit,-1.01,Savings & Investments,Investments,goldenwest,checking
2025-04-12,The Home Depot,Home Depot,debit,-70.32,Shopping & Supplies,Home Improvement,goldenwest,checking
2025-04-12,"Robinhood Securities, Llc",Robinhood Investment,debit,-1.01,Savings & Investments,Investments,goldenwest,checking
2025-04-13,"Robinhood Securities, Llc",Robinhood Investment,debit,-1.01,Savings & Investments,Investments,goldenwest,checking
2025-04-13,"Robinhood Securities, Llc",Robinhood Investment,debit,-1.01,Savings & Investments,Investments,goldenwest,checking
2025-04-13,"Robinhood Securities, Llc",Robinhood Investment,debit,-1.01,Savings & Investments,Investments,goldenwest,checking
2025-04-13,"Robinhood Securities, Llc",Robinhood Investment,debit,-1.01,Savings & Investments,Investments,goldenwest,checking
2025-04-13,"Robinhood Securities, Llc",Robinhood Investment,debit,-1.01,Savings & Investments,Investments,goldenwest,checking
2025-04-15,Robinhood,Robinhood Investment,debit,-40.0,Savings & Investments,Investments,goldenwest,money market
2025-04-15,"Robinhood Securities, Llc",Robinhood Investment,debit,-1.01,Savings & Investments,Investments,goldenwest,checking
2025-04-15,"Robinhood Securities, Llc",Robinhood Investment,debit,-1.01,Savings & Investments,Investments,goldenwest,checking
2025-04-15,"Robinhood Securities, Llc",Robinhood Investment,debit,-1.01,Savings & Investments,Investments,goldenwest,checking
2025-04-15,"Robinhood Securities, Llc",Robinhood Investment,debit,-1.01,Savings & Investments,Investments,goldenwest,checking
2025-04-15,Withdrawal Ach Life Starfish Type: Id: 9xx0086u01 Data: 2xx2000s86u01 Co: Life Starfish Name: Savanna Kerby,Life Starfish,debit,-500.0,Food & Dining,Groceries,goldenwest,checking
2025-04-15,Withdrawal #xx5691 Oak Hills Pharmacy Provo Ut Card 4143,Oak Hills Pharmacy,debit,-23.01,Health & Wellness,Pharmacy,goldenwest,checking
2025-04-15,Walmart,Walmart Supercenter,debit,-15.47,Food & Dining,Groceries,goldenwest,checking
2025-04-15,"Robinhood Securities, Llc",Robinhood Investment,debit,-1.01,Savings & Investments,Investments,goldenwest,checking
2025-04-17,"Robinhood Securities, Llc",Robinhood Investment,debit,-1.01,Savings & Investments,Investments,goldenwest,checking
2025-04-17,"Robinhood Securities, Llc",Robinhood Investment,debit,-1.01,Savings & Investments,Investments,goldenwest,checking
2025-04-17,"Robinhood Securities, Llc",Robinhood Investment,debit,-1.01,Savings & Investments,Investments,goldenwest,checking
2025-04-17,"Robinhood Securities, Llc",Robinhood Investment,debit,-1.01,Savings & Investments,Investments,goldenwest,checking
2025-04-17,"Robinhood Securities, Llc",Robinhood Investment,debit,-1.01,Savings & Investments,Investments,goldenwest,checking
2025-04-17,"Robinhood Securities, Llc",Robinhood Investment,debit,-1.01,Savings & Investments,Investments,goldenwest,checking
2025-04-17,"Robinhood Securities, Llc",Robinhood Investment,debit,-1.01,Savings & Investments,Investments,goldenwest,checking
2025-04-17,"Robinhood Securities, Llc",Robinhood Investment,debit,-1.01,Savings & Investments,Investments,goldenwest,checking
2025-04-17,"Robinhood Securities, Llc",Robinhood Investment,debit,-1.01,Savings & Investments,Investments,goldenwest,checking
2025-04-17,"Robinhood Securities, Llc",Robinhood Investment,debit,-1.01,Savings & Investments,Investments,goldenwest,checking
2025-04-20,"Robinhood Securities, Llc",Robinhood Investment,debit,-1.01,Savings & Investments,Investments,goldenwest,checking
2025-04-20,"Robinhood Securities, Llc",Robinhood Investment,debit,-1.01,Savings & Investments,Investments,goldenwest,checking
2025-04-20,"Robinhood Securities, Llc",Robinhood Investment,debit,-1.01,Savings & Investments,Investments,goldenwest,checking
2025-04-20,"Robinhood Securities, Llc",Robinhood Investment,debit,-1.01,Savings & Investments,Investments,goldenwest,checking
2025-04-20,"Robinhood Securities, Llc",Robinhood Investment,debit,-1.01,Savings & Investments,Investments,goldenwest,checking
2025-04-21,"Robinhood Securities, Llc",Robinhood Investment,debit,-1.01,Savings & Investments,Investments,goldenwest,checking
2025-04-21,"Robinhood Securities, Llc",Robinhood Investment,debit,-1.01,Savings & Investments,Investments,goldenwest,checking
2025-04-21,"Robinhood Securities, Llc",Robinhood Investment,debit,-1.01,Savings & Investments,Investments,goldenwest,checking
2025-04-21,"Robinhood Securities, Llc",Robinhood Investment,debit,-1.01,Savings & Investments,Investments,goldenwest,checking
2025-04-21,Walmart,Walmart Supercenter,debit,-3.67,Food & Dining,Groceries,goldenwest,checking
2025-04-21,"Robinhood Securities, Llc",Robinhood Investment,debit,-1.01,Savings & Investments,Investments,goldenwest,checking
2025-04-21,Robinhood,Robinhood Investment,debit,-1.01,Savings & Investments,Investments,goldenwest,money market
2025-04-22,Withdrawal Ach Life Starfish Type: Id: 9xx0086u01 Data: 2xx2000s86u01 Co: Life Starfish Name: Savanna Kerby,Life Starfish,debit,-500.0,Food & Dining,Groceries,goldenwest,checking
2025-04-23,"Robinhood Securities, Llc",Robinhood Investment,debit,-1.01,Savings & Investments,Investments,goldenwest,checking
2025-04-23,"Robinhood Securities, Llc",Robinhood Investment,debit,-1.01,Savings & Investments,Investments,goldenwest,checking
2025-04-23,"Robinhood Securities, Llc",Robinhood Investment,debit,-1.01,Savings & Investments,Investments,goldenwest,checking
2025-04-23,"Robinhood Securities, Llc",Robinhood Investment,debit,-1.01,Savings & Investments,Investments,goldenwest,checking
2025-04-23,"Robinhood Securities, Llc",Robinhood Investment,debit,-1.01,Savings & Investments,Investments,goldenwest,checking
2025-04-24,Withdrawal Overdrawn Ach In The Amount $500.00 Life Starfish,Life Starfish,debit,-22.0,Food & Dining,Groceries,goldenwest,checking
2025-04-25,Salary/regular Income From Goldenwest Credit Union,Payroll Deposit,credit,661.69,Income,Paychecks,goldenwest,checking
2025-04-26,"Robinhood Securities, Llc",Robinhood Investment,debit,-1.01,Savings & Investments,Investments,goldenwest,checking
2025-04-26,"Robinhood Securities, Llc",Robinhood Investment,debit,-1.01,Savings & Investments,Investments,goldenwest,checking
2025-04-26,"Robinhood Securities, Llc",Robinhood Investment,debit,-1.01,Savings & Investments,Investments,goldenwest,checking
2025-04-26,"Robinhood Securities, Llc",Robinhood Investment,debit,-1.01,Savings & Investments,Investments,goldenwest,checking
2025-04-27,Recurring Withdrawal #xx8257 Google *dancefitme Fun Xx-3987 Ca Card 4143,Google Services,debit,-21.48,Housing & Bills,Service Fees,goldenwest,checking
2025-04-27,"Robinhood Securities, Llc",Robinhood Investment,debit,-1.01,Savings & Investments,Investments,goldenwest,checking
2025-04-28,Withdrawal Ach Life Starfish Type: Id: 9xx0086u01 Data: 2xx0001s86u01 Co: Life Starfish Name: Savanna Kerby,Life Starfish,debit,-500.0,Food & Dining,Groceries,goldenwest,checking
2025-04-28,"Robinhood Securities, Llc",Robinhood Investment,debit,-1.01,Savings & Investments,Investments,goldenwest,checking
2025-04-28,"Robinhood Securities, Llc",Robinhood Investment,debit,-1.01,Savings & Investments,Investments,goldenwest,checking
2025-04-28,"Robinhood Securities, Llc",Robinhood Investment,debit,-1.01,Savings & Investments,Investments,goldenwest,checking
2025-04-28,"Robinhood Securities, Llc",Robinhood Investment,debit,-1.01,Savings & Investments,Investments,goldenwest,checking
2025-04-28,"Robinhood Securities, Llc",Robinhood Investment,debit,-1.01,Savings & Investments,Investments,goldenwest,checking
2025-04-30,Deposit Dividend Annual Percentage Yield Earned 0.05% From 04/01/25 Through 04/30/25,Interest Earned,credit,0.05,Savings & Investments,Dividends,goldenwest,checking
2025-04-30,Deposit Dividend Annual Percentage Yield Earned 1.00% From 04/01/25 Through 04/30/25,Interest Earned,credit,2.62,Savings & Investments,Dividends,goldenwest,money market
2025-04-30,Deposit Dividend Annual Percentage Yield Earned 6.16% From 04/01/25 Through 04/30/25,Interest Earned,credit,0.55,Savings & Investments,Dividends,goldenwest,gold account
2025-04-30,Interest Earned,Interest Earned,credit,0.01,Savings & Investments,Dividends,sofi,savings
2025-05-01,Withdrawal Gdp*crosspointe Dental In Orem Ut Date Xx 8021 Card 4143,Crosspointe Dental,debit,-360.0,General Spending,Medical,goldenwest,checking
2025-05-04,Jacksons Food Stores,Jacksons Food Stores,debit,-11.31,Food & Dining,Groceries,goldenwest,checking
2025-05-05,Cold Stone Creamery,Cold Stone Creamery,debit,-12.97,Food & Dining,Snacks,goldenwest,checking
2025-05-05,"Withdrawal Ach Byu Type: Mfc Echeck Id: Xx7280 Co: Byu Data: Byu_prod Name: Kerby, Savanna Brooke",BYU (Campus Services),debit,-158.0,Education,Education,goldenwest,checking
2025-05-07,Costco,Costco Wholesale,debit,-7.53,Food & Dining,Groceries,goldenwest,checking
2025-05-07,Costco,Costco Wholesale,debit,-92.41,Food & Dining,Groceries,goldenwest,checking
2025-05-07,Costco Gas Stations,Costco Wholesale,debit,-52.98,Food & Dining,Groceries,goldenwest,checking
2025-05-09,Salary/regular Income From Goldenwest Credit Union,Payroll Deposit,credit,643.93,Income,Paychecks,goldenwest,checking
2025-05-10,Deposit Promo Deposit Youth Engagement Smart Money,Youth Engagement Promo Reward,credit,100.0,Income,Other Income,goldenwest,gold account
2025-05-15,Withdrawal Ach Life Starfish Type: Id: 9xx0086u01 Data: 2xx4128s86u01 Co: Life Starfish Name: Savanna Kerby,Life Starfish,debit,-400.0,Food & Dining,Groceries,goldenwest,checking
2025-05-15,Withdrawal Shoeman Enterprise One Provo Ut Date Xx 5970 Card 4143,Shoeman Enterprise,debit,-16.12,Shopping & Supplies,Clothing,goldenwest,checking
2025-05-15,Withdrawal #xx4240 Sq *chromis Bakery Square Orem Ut Card 4143,Chromis Bakery,debit,-6.0,Food & Dining,Fast Food,goldenwest,checking
2025-05-16,Withdrawal,Bank Withdrawal,debit,-40.0,General Spending,Other,goldenwest,checking
2025-05-19,Withdrawal #xx0720 Oak Hills Pharmacy Provo Ut Card 4143,Oak Hills Pharmacy,debit,-23.01,Health & Wellness,Pharmacy,goldenwest,checking
2025-05-21,Withdrawal Ach Life Starfish Type: Id: 9xx0086u01 Data: 2xx2001s86u01 Co: Life Starfish Name: Savanna Kerby,Life Starfish,debit,-200.0,Food & Dining,Groceries,goldenwest,checking
2025-05-23,Salary/regular Income From Goldenwest Credit Union,Payroll Deposit,credit,718.78,Income,Paychecks,goldenwest,checking
2025-05-25,Withdrawal Tst*brookers - Provo - J Provo Ut Date 05/24/25 Xx 5814 Card 4143,Brooker's Ice Cream,debit,-13.55,Food & Dining,Snacks,goldenwest,checking
2025-05-26,Withdrawal #xx X6072 West Jordan Ut Card 4143,West Jordan Dental,debit,-52.49,Health & Wellness,Doctor/Dentist,goldenwest,checking
2025-05-27,Fandango At Home,Fandango/Vudu,debit,-16.11,General Spending,Streaming/Movies,goldenwest,checking
2025-05-28,Ross Stores,Ross,debit,-89.11,Shopping & Supplies,General Retail,goldenwest,checking
2025-05-28,Withdrawal Ach Life Starfish Type: Id: 9xx0086u01 Data: 2xx2000s86u01 Co: Life Starfish Name: Savanna Kerby,Life Starfish,debit,-400.0,Food & Dining,Groceries,goldenwest,checking
2025-05-29,Volker's Bakery,Volker's Bakery,debit,-12.75,Food & Dining,Groceries,goldenwest,checking
2025-05-29,Withdrawal Ouelessebougoualliance Xx6254 Ut Date 05/29/25 Xx 8398 Card 4143,Ouelessebou Alliance,debit,-5.0,General Spending,Other,goldenwest,checking
2025-05-29,Withdrawal #xx3405 Sq *popbite Square Provo Ut Card 4143,Popbite Bakery,debit,-8.52,Food & Dining,Fast Food,goldenwest,checking
2025-05-29,"Withdrawal Pp*hansen Workshop, Llc Lindon Ut Date Xx 5999 Card 4143",Hansen Workshop,debit,-8.6,General Spending,Other,goldenwest,checking
2025-05-29,Taco Bell,Taco Bell,debit,-17.3,Food & Dining,Fast Food,goldenwest,checking
2025-05-29,Walmart,Walmart Supercenter,debit,-125.64,Food & Dining,Groceries,goldenwest,checking
2025-05-31,Deposit Dividend Annual Percentage Yield Earned 0.05% From 05/01/25 Through 05/31/25,Interest Earned,credit,0.04,Savings & Investments,Dividends,goldenwest,checking
2025-05-31,Deposit Dividend Annual Percentage Yield Earned 1.01% From 05/01/25 Through 05/31/25,Interest Earned,credit,1.42,Savings & Investments,Dividends,goldenwest,money market
2025-05-31,Deposit Dividend Annual Percentage Yield Earned 6.15% From 05/01/25 Through 05/31/25,Interest Earned,credit,1.15,Savings & Investments,Dividends,goldenwest,gold account
2025-05-31,Walgreens,Walgreens,debit,-114.37,Health & Wellness,Pharmacy,goldenwest,checking
2025-05-31,Hobby Lobby,Hobby Lobby,debit,-126.63,Shopping & Supplies,Hobbies,goldenwest,checking
2025-05-31,Interest Earned,Interest Earned,credit,0.01,Savings & Investments,Dividends,sofi,savings
2025-06-04,"Withdrawal Ach Byu Type: Mfc Echeck Id: Xx7280 Co: Byu Data: Byu_prod Name: Kerby, Savanna Brooke",BYU (Campus Services),debit,-158.0,Education,Education,goldenwest,checking
2025-06-05,Costco Gas Stations,Costco Wholesale,debit,-50.2,Food & Dining,Groceries,goldenwest,checking
2025-06-05,Hobby Lobby,Hobby Lobby,debit,-49.01,Shopping & Supplies,Hobbies,goldenwest,checking
2025-06-05,Costco,Costco Wholesale,debit,-124.5,Food & Dining,Groceries,goldenwest,checking
2025-06-06,Salary/regular Income From Goldenwest Credit Union,Payroll Deposit,credit,766.59,Income,Paychecks,goldenwest,checking
2025-06-06,Hobby Lobby,Hobby Lobby,debit,-11.25,Shopping & Supplies,Hobbies,goldenwest,checking
2025-06-14,Walmart,Walmart Supercenter,debit,-71.31,Food & Dining,Groceries,goldenwest,checking
2025-06-16,Withdrawal #xx9073 Oak Hills Pharmacy Provo Ut Card 4143,Oak Hills Pharmacy,debit,-23.01,Health & Wellness,Pharmacy,goldenwest,checking
2025-06-18,"Withdrawal Ach Byu Type: Mfc Echeck Id: Xx7280 Co: Byu Data: Byu_prod Name: Kerby, Savanna Brooke",BYU (Campus Services),debit,-170.0,Education,Education,goldenwest,checking
2025-06-19,Maurices,Maurices,debit,-9.67,Shopping & Supplies,Clothing,goldenwest,checking
2025-06-20,Mcdonald's,McDonald's,debit,-20.5,Food & Dining,Fast Food,goldenwest,checking
2025-06-20,Salary/regular Income From Goldenwest Credit Union,Payroll Deposit,credit,736.01,Income,Paychecks,goldenwest,checking
2025-06-23,Walmart,Walmart Supercenter,debit,-14.42,Food & Dining,Groceries,goldenwest,checking
2025-06-24,Withdrawal,Bank Withdrawal,debit,-0.02,General Spending,Other,goldenwest,checking
2025-06-30,Deposit Dividend Annual Percentage Yield Earned 6.02% From 06/01/25 Through 06/30/25,Interest Earned,credit,1.29,Savings & Investments,Dividends,goldenwest,gold account
2025-06-30,Deposit Dividend Annual Percentage Yield Earned 1.00% From 06/01/25 Through 06/30/25,Interest Earned,credit,0.87,Savings & Investments,Dividends,goldenwest,money market
2025-06-30,Deposit Dividend Annual Percentage Yield Earned 0.05% From 06/01/25 Through 06/30/25,Interest Earned,credit,0.04,Savings & Investments,Dividends,goldenwest,checking
2025-06-30,Interest Earned,Interest Earned,credit,0.01,Savings & Investments,Dividends,sofi,savings
2025-07-03,Byu Creamery,BYU (Campus Services),debit,-5.08,Education,Education,goldenwest,checking
2025-07-03,"Withdrawal Ach Byu Type: Mfc Echeck Id: Xx7280 Co: Byu Data: Byu_prod Name: Kerby, Savanna Brooke",BYU (Campus Services),debit,-158.0,Education,Education,goldenwest,checking
2025-07-03,Salary/regular Income From Goldenwest Credit Union,Payroll Deposit,credit,808.4,Income,Paychecks,goldenwest,checking
2025-07-05,Withdrawal #xx7883 Sq *portneuf Rapids Tube Square Lava Hot Spri Id Card 4143,Lava Hot Springs,debit,-7.75,Entertainment,Recreation,goldenwest,checking
2025-07-07,Withdrawal Ach Life Starfish Type: Id: 9xx0086u01 Data: 2xx2000s86u01 Co: Life Starfish Name: Savanna Kerby,Life Starfish,debit,-300.0,Food & Dining,Groceries,goldenwest,checking
2025-07-08,Nielsen's Frozen Custard,Nielsen's Frozen Custard,debit,-7.57,Food & Dining,Fast Food,goldenwest,checking
2025-07-08,Withdrawal Bill Paid-grandma Becky Conf #1,Grandma Becky Payment,debit,-60.0,Vacations / Travel,Lodging,goldenwest,checking
2025-07-10,Walmart,Walmart Supercenter,debit,-32.04,Food & Dining,Groceries,goldenwest,checking
2025-07-10,Walmart.com 8009256278,Walmart Supercenter,debit,-187.3,Food & Dining,Groceries,capital one,credit card
2025-07-11,Costco Gas Stations,Costco Wholesale,debit,-55.49,Food & Dining,Groceries,goldenwest,checking
2025-07-11,Costco,Costco Wholesale,debit,-74.28,Food & Dining,Groceries,goldenwest,checking
2025-07-11,Capital One Member Fee,Capital One Membership Fee,debit,-395.0,General Spending,Other,capital one,credit card
2025-07-11,Cheesecake Orem,Cheesecake Factory,debit,-104.44,Food & Dining,Restaurants/Dining,capital one,credit card
2025-07-12,Lagoon Tic-ag,Lagoon,debit,-20.0,Entertainment,Recreation,capital one,credit card
2025-07-12,Lagoon Rfm,Lagoon,debit,-34.3,Entertainment,Recreation,capital one,credit card
2025-07-12,Lagoon Rfm,Lagoon,debit,-5.0,Entertainment,Recreation,capital one,credit card
2025-07-12,Maverik #757,Maverik,debit,-8.86,Transportation,Fuel,capital one,credit card
2025-07-12,Lagoon Rfm,Lagoon,debit,-15.0,Entertainment,Recreation,capital one,credit card
2025-07-14,Mcdonald's F13504,McDonald's,debit,-12.63,Food & Dining,Fast Food,capital one,credit card
2025-07-14,Oak Hills Pharmacy,Oak Hills Pharmacy,debit,-23.01,Health & Wellness,Pharmacy,capital one,credit card
2025-07-14,Maverik #757,Maverik,debit,-3.96,Transportation,Fuel,capital one,credit card
2025-07-16,Slc Airport Parking,Flughafen Berlin Brand,debit,-10.0,Travel & Lodging,Travel & Commute,capital one,credit card
2025-07-17,Salt Lake City Airport Parking,Flughafen Berlin Brand,debit,-2.0,Travel & Lodging,Travel & Commute,goldenwest,checking
2025-07-17,Yogurtland Ut 102,Yogurtland,debit,-6.1,Food & Dining,Snacks,capital one,credit card
2025-07-18,Salary/regular Income From Goldenwest Credit Union,Payroll Deposit,credit,761.81,Income,Paychecks,goldenwest,checking
2025-07-18,Mcdonald's F13504,McDonald's,debit,-19.52,Food & Dining,Fast Food,capital one,credit card
2025-07-18,Home Depot Riverton,Home Depot,debit,-2.4,Shopping & Supplies,Home Improvement,capital one,credit card
2025-07-19,Home Depot Riverton,Home Depot,debit,-2.4,Shopping & Supplies,Home Improvement,capital one,credit card
2025-07-19,Wm Supercenter #3620,Walmart Supercenter,debit,-45.17,Food & Dining,Groceries,capital one,credit card
2025-07-20,Wm Supercenter #1768,Walmart Supercenter,debit,-57.21,Food & Dining,Groceries,capital one,credit card
2025-07-21,Costco Gas #1118,Costco Wholesale,debit,-45.68,Food & Dining,Groceries,capital one,credit card
2025-07-21,Costco Whse #1118,Costco Wholesale,debit,-127.7,Food & Dining,Groceries,capital one,credit card
2025-07-21,Wal-mart #1768,Walmart Supercenter,debit,-35.01,Food & Dining,Groceries,capital one,credit card
2025-07-21,Walmart.com 8009256278,Walmart Supercenter,debit,-86.24,Food & Dining,Groceries,capital one,credit card
2025-07-22,Maverik #757,Maverik,debit,-4.6,Transportation,Fuel,capital one,credit card
2025-07-22,Py *johnny Rockets 604,Johnny Rockets,debit,-8.71,Food & Dining,Fast Food,capital one,credit card
2025-07-24,Ut Hunt/fish Lic. Onli,Ut Hunt/fish Lic,debit,-39.86,General Spending,Other,capital one,credit card
2025-07-26,Wm Supercenter #1768,Walmart Supercenter,debit,-162.4,Food & Dining,Groceries,capital one,credit card
2025-07-27,Google *minimalist Pho,Google Services,debit,-30.22,Housing & Bills,Service Fees,capital one,credit card
2025-07-28,Maverik #757,Maverik,debit,-4.6,Transportation,Fuel,capital one,credit card
2025-07-30,Tmobile*prepaid Web,T-Mobile,debit,-11.18,Housing & Bills,Phone,capital one,credit card
2025-07-31,Deposit Dividend Annual Percentage Yield Earned 0.05% From 07/01/25 Through 07/31/25,Interest Earned,credit,0.07,Savings & Investments,Dividends,goldenwest,checking
2025-07-31,Deposit Dividend Annual Percentage Yield Earned 5.99% From 07/01/25 Through 07/31/25,Interest Earned,credit,1.36,Savings & Investments,Dividends,goldenwest,gold account
2025-07-31,Deposit Dividend Annual Percentage Yield Earned 1.00% From 07/01/25 Through 07/31/25,Interest Earned,credit,0.9,Savings & Investments,Dividends,goldenwest,money market
2025-07-31,Mcdonald's F13504,McDonald's,debit,-14.14,Food & Dining,Fast Food,capital one,credit card
2025-07-31,Interest Earned,Interest Earned,credit,0.01,Savings & Investments,Dividends,sofi,savings
2025-07-31,Home Depot Riverton,Home Depot,debit,-2.4,Shopping & Supplies,Home Improvement,capital one,credit card
2025-07-31,Costco Gas #1118,Costco Wholesale,debit,-51.04,Food & Dining,Groceries,capital one,credit card
2025-07-31,Salary/regular Income From Goldenwest Credit Union,Payroll Deposit,credit,749.01,Income,Paychecks,goldenwest,checking
2025-07-31,Home Depot Riverton,Home Depot,debit,-2.4,Shopping & Supplies,Home Improvement,capital one,credit card
2025-08-01,Cinemark 1041 Boxcon,Cinemark,debit,-4.18,General Spending,Streaming/Movies,capital one,credit card
2025-08-01,Provo City Cntr Temple,Provo City Cntr Temple,debit,-3.0,Entertainment,Recreation,capital one,credit card
2025-08-01,Maverik #757,Maverik,debit,-4.6,Transportation,Fuel,capital one,credit card
2025-08-01,Cafe Zupas - Lehi,Cafe Zupas,debit,-14.94,Food & Dining,Restaurants/Dining,capital one,credit card
2025-08-01,Chevron 0209539,Chevron,debit,-54.47,Transportation,Fuel,capital one,credit card
2025-08-01,Home Depot Riverton,Home Depot,debit,-2.4,Shopping & Supplies,Home Improvement,capital one,credit card
2025-08-04,Utah Career Center,Utah Career Center,debit,-1.3,General Spending,Other,capital one,credit card
2025-08-04,Home Depot Riverton,Home Depot,debit,-2.4,Shopping & Supplies,Home Improvement,capital one,credit card
2025-08-04,Maverik #757,Maverik,debit,-5.78,Transportation,Fuel,capital one,credit card
2025-08-05,Wal-mart #1768,Walmart Supercenter,debit,-98.08,Food & Dining,Groceries,capital one,credit card
2025-08-06,Brigham Young Univ Web,BYU Refund,debit,-238.65,Income,Refunds,capital one,credit card
2025-08-07,Tmobile*prepd Autopy,T-Mobile,debit,-27.95,Housing & Bills,Phone,capital one,credit card
2025-08-07,"Deposit Transfer From Cummard,cooper Xx Share 0090",Robinhood Investment,credit,1.0,Savings & Investments,Investments,goldenwest,checking
2025-08-09,Fye University Place -,Fye University Place,debit,-107.43,Shopping & Supplies,General Retail,capital one,credit card
2025-08-09,Texas Roadhouse #2284,Texas Roadhouse,debit,-65.26,Food & Dining,Restaurants/Dining,capital one,credit card
2025-08-12,Wal-mart 3620 Gas Se2,Walmart Supercenter,debit,-47.09,Food & Dining,Groceries,capital one,credit card
2025-08-12,Costco Gas #1118,Costco Wholesale,debit,-46.08,Food & Dining,Groceries,capital one,credit card
2025-08-12,Costco Whse #1118,Costco Wholesale,debit,-188.8,Food & Dining,Groceries,capital one,credit card
2025-08-12,Home Depot Riverton,Home Depot,debit,-1.4,Shopping & Supplies,Home Improvement,capital one,credit card
2025-08-13,Home Depot Riverton,Home Depot,debit,-1.4,Shopping & Supplies,Home Improvement,capital one,credit card
2025-08-13,Wal-mart #1768,Walmart Supercenter,debit,-147.24,Food & Dining,Groceries,capital one,credit card
2025-08-14,Leatherby's Family Cream,Leatherby's Family Cream,debit,-23.28,General Spending,Other,capital one,credit card
2025-08-14,Panda Express #1588,Panda Express,debit,-15.51,Food & Dining,Fast Food,capital one,credit card
2025-08-15,Salary/regular Income From Goldenwest Credit Union,Payroll Deposit,credit,793.46,Income,Paychecks,goldenwest,checking
2025-08-16,Cot*flt,Cotflt,debit,-1100.11,Vacations / Travel,Airfare,capital one,credit card
2025-08-19,Home Depot Riverton,Home Depot,debit,-2.4,Shopping & Supplies,Home Improvement,capital one,credit card
2025-08-20,Home Depot Riverton,Home Depot,debit,-2.4,Shopping & Supplies,Home Improvement,capital one,credit card
2025-08-20,Taco Bell 030457,Taco Bell,debit,-21.0,Food & Dining,Fast Food,capital one,credit card
2025-08-21,Cbt*svc Fee Utah Cnty,Cbtsvc Fee Utah Cnty,debit,-1.5,Housing & Bills,Service Fees,capital one,credit card
2025-08-21,Wm Supercenter #3620,Walmart Supercenter,debit,-46.35,Food & Dining,Groceries,capital one,credit card
2025-08-21,Mcdonald's F13504,McDonald's,debit,-13.22,Food & Dining,Fast Food,capital one,credit card
2025-08-21,Cbt*utah County Clerk,Cbtutah County Clerk,debit,-45.0,Housing & Bills,Service Fees,capital one,credit card
2025-08-22,Sq *tie One On,Tie One On,debit,-52.63,Health & Wellness,Personal Care,capital one,credit card
2025-08-22,Tricked Out Accessories U,Tricked Out Accessories,debit,-85.81,Shopping & Supplies,General Retail,capital one,credit card
2025-08-22,Maverik #757,Maverik,debit,-4.6,Transportation,Fuel,capital one,credit card
2025-08-23,Wal-mart #1768,Walmart Supercenter,debit,-116.33,Food & Dining,Groceries,capital one,credit card
2025-08-25,Utah Career Center,Utah Career Center,debit,-1.65,General Spending,Other,capital one,credit card
2025-08-27,Costco Whse #1118,Costco Wholesale,debit,-147.37,Food & Dining,Groceries,capital one,credit card
2025-08-27,Costco Gas #1118,Costco Wholesale,debit,-54.95,Food & Dining,Groceries,capital one,credit card
2025-08-27,Sq *winters Custom Hair D,Winters Custom Hair,debit,-66.0,Health & Wellness,Personal Care,capital one,credit card
2025-08-27,Withdrawal Ach Ch Jesuschrist Type: Donation Id: Xx4341 Data: Xx1370 Co: Ch Jesuschrist Name: Savanna Brooke Kerby,Church Donations,debit,-248.0,Gifts & Donations,Tithing,goldenwest,checking
2025-08-28,Withdrawal Ach Ch Jesuschrist Type: Donation Id: Xx4341 Data: Xx1326 Co: Ch Jesuschrist Name: Savanna Brooke Kerby,Church Donations,debit,-131.0,Gifts & Donations,Tithing,goldenwest,checking
2025-08-28,Withdrawal Ach Ch Jesuschrist Type: Donation Id: Xx4341 Data: Xx1304 Co: Ch Jesuschrist Name: Savanna Brooke Kerby,Church Donations,debit,-167.0,Gifts & Donations,Tithing,goldenwest,checking
2025-08-29,Withdrawal Ach Ch Jesuschrist Type: Donation Id: Xx4341 Data: Xx1573 Co: Ch Jesuschrist Name: Savanna Brooke Kerby,Church Donations,debit,-135.0,Gifts & Donations,Tithing,goldenwest,checking
2025-08-29,Withdrawal Ach Ch Jesuschrist Type: Donation Id: Xx4341 Data: Xx1573 Co: Ch Jesuschrist Name: Savanna Brooke Kerby,Church Donations,debit,-152.0,Gifts & Donations,Tithing,goldenwest,checking
2025-08-29,Salary/regular Income From Goldenwest Credit Union,Payroll Deposit,credit,781.92,Income,Paychecks,goldenwest,checking
2025-08-29,Byu Store,BYU (Campus Services),debit,-202.98,Education,Education,capital one,credit card
2025-08-31,Credit-travel Reward,Credit Travel Reward,credit,823.08,Income,CC Rewards,capital one,credit card
2025-08-31,Wm Supercenter #3620,Walmart Supercenter,debit,-48.34,Food & Dining,Groceries,capital one,credit card
2025-08-31,Deposit Dividend Annual Percentage Yield Earned 0.05% From 08/01/25 Through 08/31/25,Interest Earned,credit,0.12,Savings & Investments,Dividends,goldenwest,checking
2025-08-31,Interest Earned,Interest Earned,credit,0.01,Savings & Investments,Dividends,sofi,savings
2025-08-31,Deposit Dividend Annual Percentage Yield Earned 5.99% From 08/01/25 Through 08/31/25,Interest Earned,credit,1.37,Savings & Investments,Dividends,goldenwest,gold account
2025-08-31,Deposit Dividend Annual Percentage Yield Earned 1.02% From 08/01/25 Through 08/31/25,Interest Earned,credit,0.44,Savings & Investments,Dividends,goldenwest,money market
2025-09-01,Maverik #757,Maverik,debit,-3.96,Transportation,Fuel,capital one,credit card
2025-09-02,Wm Supercenter #1768,Walmart Supercenter,debit,-45.13,Food & Dining,Groceries,capital one,credit card
2025-09-03,Brigham Young Universi,BYU Refund,debit,-42.98,Income,Refunds,capital one,credit card
2025-09-03,Brigham Young Univ Web,BYU Refund,debit,-60.0,Income,Refunds,capital one,credit card
2025-09-04,Byu Student Id Center,BYU (Campus Services),debit,-10.0,Education,Education,capital one,credit card
2025-09-04,The Home Depot #8566,Home Depot,debit,-32.58,Shopping & Supplies,Home Improvement,capital one,credit card
2025-09-05,Withdrawal,Bank Withdrawal,debit,-15.0,General Spending,Other,goldenwest,checking
2025-09-05,Byu Refund,BYU Refund,credit,254.0,Income,Refunds,sofi,savings
2025-09-06,Withdrawal Adjustment Credit Voucher Brigham Young Universi Provo Ut Date Xx 5942 Card 4143,BYU Refund,credit,27.99,Income,Refunds,goldenwest,checking
2025-09-06,Costco Gas #1118,Costco Wholesale,debit,-45.07,Food & Dining,Groceries,capital one,credit card
2025-09-07,Tmobile*prepd Autopy,T-Mobile,debit,-27.95,Housing & Bills,Phone,capital one,credit card
2025-09-09,Brigham Young Universi,BYU Refund,debit,-2.89,Income,Refunds,capital one,credit card
2025-09-10,Domino's 9105,Domino's Pizza,debit,-36.83,Food & Dining,Fast Food,capital one,credit card
2025-09-10,Wm Supercenter #3620,Walmart Supercenter,debit,-48.47,Food & Dining,Groceries,capital one,credit card
2025-09-10,Withdrawal Adjustment Credit Voucher Brigham Young Universi Provo Ut Date Xx 5942 Card 4143,BYU Refund,credit,46.99,Income,Refunds,goldenwest,checking
2025-09-11,"Withdrawal Ach Byu Type: Mfc Echeck Id: Xx7280 Co: Byu Data: Byu_prod Name: Kerby, Savanna Brooke",BYU (Campus Services),debit,-172.0,Education,Education,goldenwest,checking
2025-09-12,Amazon Mktpl*s63r36w93,Amazon,debit,-16.11,Shopping & Supplies,General Retail,capital one,credit card
2025-09-12,Salary/regular Income From Goldenwest Credit Union,Payroll Deposit,credit,757.04,Income,Paychecks,goldenwest,checking
2025-09-15,Wal-mart #1768,Walmart Supercenter,debit,-43.2,Food & Dining,Groceries,capital one,credit card
2025-09-15,Mcdonald's F13504,McDonald's,debit,-20.01,Food & Dining,Fast Food,capital one,credit card
2025-09-15,Byu Wsc Cougar Express,BYU (Campus Services),debit,-4.0,Education,Education,capital one,credit card
2025-09-15,Mcdonald's F13504,McDonald's,debit,-3.3,Food & Dining,Fast Food,capital one,credit card
2025-09-15,Milk & Cookies,Milk & Cookies,debit,-5.95,Food & Dining,Snacks,capital one,credit card
2025-09-16,Withdrawal Ach Ch Jesuschrist Type: Donation Id: Xx4341 Data: Xx7143 Co: Ch Jesuschrist Name: Savanna Brooke Kerby,Church Donations,debit,-173.0,Gifts & Donations,Tithing,goldenwest,checking
2025-09-16,Sp The Charlie Kirk Sh,Charlie Kirk,debit,-44.85,General Spending,Other,capital one,credit card
2025-09-17,Costco Gas #1118,Costco Wholesale,debit,-51.42,Food & Dining,Groceries,capital one,credit card
2025-09-17,Costco Whse #1118,Costco Wholesale,debit,-146.77,Food & Dining,Groceries,capital one,credit card
2025-09-18,Taco Bell 030725,Taco Bell,debit,-25.87,Food & Dining,Fast Food,capital one,credit card
2025-09-19,Cougar Cash,BYU (Campus Services),debit,-25.0,Education,Education,goldenwest,checking
2025-09-19,Nielsens Frozen Custar,Nielsen's Frozen Custard,debit,-8.87,Food & Dining,Fast Food,capital one,credit card
2025-09-20,Maverik #757,Maverik,debit,-50.97,Transportation,Fuel,capital one,credit card
2025-09-22,Gdp*crosspointe Dental In,Crosspointe Dental,debit,-85.0,General Spending,Medical,capital one,credit card
2025-09-22,Maverik #757,Maverik,debit,-1.82,Transportation,Fuel,capital one,credit card
2025-09-23,Salem High School,Salem High School,debit,-36.4,General Spending,Other,goldenwest,checking
2025-09-24,Taco Bell 025393,Taco Bell,debit,-16.76,Food & Dining,Fast Food,capital one,credit card
2025-09-26,Salary/regular Income From Goldenwest Credit Union,Payroll Deposit,credit,623.58,Income,Paychecks,goldenwest,checking
2025-09-26,Cougar Cash,BYU (Campus Services),debit,-25.0,Education,Education,goldenwest,checking
2025-09-27,Wm Supercenter #1768,Walmart Supercenter,debit,-98.49,Food & Dining,Groceries,capital one,credit card
2025-09-29,Maverik #757,Maverik,debit,-16.57,Transportation,Fuel,capital one,credit card
2025-09-30,Deposit Dividend Annual Percentage Yield Earned 5.99% From 09/01/25 Through 09/30/25,Interest Earned,credit,1.34,Savings & Investments,Dividends,goldenwest,gold account
2025-09-30,Deposit Dividend Annual Percentage Yield Earned 1.00% From 09/01/25 Through 09/30/25,Interest Earned,credit,0.05,Savings & Investments,Dividends,goldenwest,money market
2025-09-30,Deposit Dividend Annual Percentage Yield Earned 0.05% From 09/01/25 Through 09/30/25,Interest Earned,credit,0.07,Savings & Investments,Dividends,goldenwest,checking
2025-09-30,Interest Earned,Interest Earned,credit,0.71,Savings & Investments,Dividends,sofi,savings
2025-10-01,"Withdrawal Ach Byu Type: Mfc Echeck Id: Xx7280 Co: Byu Data: Byu_prod Name: Kerby, Savanna Brooke",BYU (Campus Services),debit,-202.0,Education,Education,goldenwest,checking
2025-10-01,Byu Library Cafe,BYU (Campus Services),debit,-3.7,Education,Education,capital one,credit card
2025-10-02,Gdp*crosspointe Dental In,Crosspointe Dental,debit,-105.0,General Spending,Medical,capital one,credit card
2025-10-02,Wm Supercenter #1768,Walmart Supercenter,debit,-81.56,Food & Dining,Groceries,capital one,credit card
2025-10-02,Golden Corral 0741,Golden Corral,debit,-50.42,Food & Dining,Restaurants/Dining,capital one,credit card
2025-10-02,Maverik #757,Maverik,debit,-55.89,Transportation,Fuel,capital one,credit card
2025-10-03,Cougar Cash,BYU (Campus Services),debit,-25.0,Education,Education,goldenwest,checking
2025-10-03,Utah-dmv Renewal Expre,DMV,debit,-93.5,Transportation,Licensing,capital one,credit card
2025-10-03,Costco Gas #1118,Costco Wholesale,debit,-55.45,Food & Dining,Groceries,capital one,credit card
2025-10-04,Del Taco #1099,Del Taco,debit,-24.55,Food & Dining,Fast Food,capital one,credit card
2025-10-06,Wal-mart #1768,Walmart Supercenter,debit,-237.97,Food & Dining,Groceries,capital one,credit card
2025-10-07,Tmobile*prepd Autopy,T-Mobile,debit,-27.95,Housing & Bills,Phone,capital one,credit card
2025-10-08,Fandango At Home,Fandango/Vudu,debit,-10.73,General Spending,Streaming/Movies,goldenwest,checking
2025-10-10,Byu Library Cafe,BYU (Campus Services),debit,-7.52,Education,Education,capital one,credit card
2025-10-10,Salary/regular Income From Goldenwest Credit Union,Payroll Deposit,credit,607.08,Income,Paychecks,goldenwest,checking
2025-10-10,Papa John's #1283,Papa John's,debit,-25.14,Food & Dining,Fast Food,capital one,credit card
2025-10-14,Steamgames.com 4259522985,Steam (Gaming),debit,-3.21,Entertainment,Gaming,capital one,credit card
2025-10-14,Wm Supercenter #1768,Walmart Supercenter,debit,-41.17,Food & Dining,Groceries,capital one,credit card
2025-10-14,Costco Gas #1118,Costco Wholesale,debit,-55.87,Food & Dining,Groceries,capital one,credit card
2025-10-16,Mcdonald's F13504,McDonald's,debit,-14.75,Food & Dining,Fast Food,capital one,credit card
2025-10-16,"Withdrawal Ach Byu Type: Cougarcash Id: ******7280 Co: Byu Name: Kerby, Savanna Brooke",BYU (Campus Services),debit,-25.0,Education,Education,goldenwest,checking
2025-10-18,Deposit Promo Deposit Youth Engagement Promo 1 Year Reward,Youth Engagement Promo Reward,credit,100.0,Income,Other Income,goldenwest,gold account
2025-10-18,Wm Supercenter #1768,Walmart Supercenter,debit,-134.67,Food & Dining,Groceries,capital one,credit card
2025-10-20,Withdrawal Ach Bear River Type: Ins. Paymt Id: ******4580 Data: Insurance Co: Bear River,Bear River Insurance,debit,-179.0,General Spending,Insurance,goldenwest,checking
2025-10-20,Maverik #757,Maverik,debit,-53.86,Transportation,Fuel,capital one,credit card
2025-10-21,"Withdrawal Ach Byu Type: Cougarcash Id: ******7280 Co: Byu Name: Kerby, Savanna Brooke",BYU (Campus Services),debit,-25.0,Education,Education,goldenwest,checking
2025-10-22,Credit-travel Reward,Credit Travel Reward,credit,41.27,Income,CC Rewards,capital one,credit card
2025-10-23,Byu Creamery On Ninth,BYU (Campus Services),debit,-5.14,Education,Education,capital one,credit card
2025-10-24,The Home Depot #8566,Home Depot,debit,-1.05,Shopping & Supplies,Home Improvement,capital one,credit card
2025-10-24,Salary/regular Income From Goldenwest Credit Union,Payroll Deposit,credit,640.37,Income,Paychecks,goldenwest,checking
2025-10-24,Mcdonald's F32093,McDonald's,debit,-5.18,Food & Dining,Fast Food,capital one,credit card
2025-10-24,Maverik #757,Maverik,debit,-55.37,Transportation,Fuel,capital one,credit card
2025-10-24,Sp Shopcornbellys,Shopcornbellys,debit,-73.85,Entertainment,Recreation,capital one,credit card
2025-10-25,Springville Di,Di,debit,-52.25,General Spending,Other,capital one,credit card
2025-10-25,Ross Stores #751,Ross,debit,-67.36,Shopping & Supplies,General Retail,capital one,credit card
2025-10-25,Wm Supercenter #1768,Walmart Supercenter,debit,-165.62,Food & Dining,Groceries,capital one,credit card
2025-10-25,Sp Shopcornbellys,Shopcornbellys,debit,-15.16,Entertainment,Recreation,capital one,credit card
2025-10-26,Jiffy Lube #2892,Jiffy Lube,debit,-470.51,Transportation,Maintenance,capital one,credit card
2025-10-28,Cougar Cash,BYU (Campus Services),debit,-25.0,Education,Education,goldenwest,checking
2025-10-29,Wm Supercenter #3620,Walmart Supercenter,debit,-39.39,Food & Dining,Groceries,capital one,credit card
2025-10-29,Zephyr Lot,Zephyr Lot,debit,-12.0,Transportation,Parking,capital one,credit card
2025-10-29,Maverik #757,Maverik,debit,-3.95,Transportation,Fuel,capital one,credit card
2025-10-30,"Withdrawal Ach Byu Type: Mfc Echeck Id: Xx7280 Co: Byu Data: Byu_prod Name: Kerby, Savanna Brooke",BYU (Campus Services),debit,-177.0,Education,Education,goldenwest,checking
2025-10-30,We Geek Together,We Geek Together,debit,-30.03,Shopping & Supplies,General Retail,capital one,credit card
2025-10-31,Deposit Dividend Annual Percentage Yield Earned 5.98% From 10/01/25 Through 10/31/25,Interest Earned,credit,1.62,Savings & Investments,Dividends,goldenwest,gold account
2025-10-31,Interest Earned,Interest Earned,credit,0.84,Savings & Investments,Dividends,sofi,savings
2025-10-31,Deposit Dividend Annual Percentage Yield Earned 0.97% From 10/01/25 Through 10/31/25,Interest Earned,credit,0.05,Savings & Investments,Dividends,goldenwest,money market
2025-10-31,Taco Bell 025393,Taco Bell,debit,-15.03,Food & Dining,Fast Food,capital one,credit card
2025-10-31,Spirit Halloween 60356,Spirit Halloween,debit,-19.0,Shopping & Supplies,Clothing,capital one,credit card
2025-10-31,Cougar Cash,BYU (Campus Services),debit,-25.0,Education,Education,goldenwest,checking
2025-10-31,Deposit Dividend Annual Percentage Yield Earned 0.05% From 10/01/25 Through 10/31/25,Interest Earned,credit,0.04,Savings & Investments,Dividends,goldenwest,checking
2025-11-01,Papa John's #1283,Papa John's,debit,-39.8,Food & Dining,Fast Food,capital one,credit card
2025-11-01,Google Fandango At Ho,Google Services,debit,-5.37,Housing & Bills,Service Fees,capital one,credit card
2025-11-01,Wal-mart #1768,Walmart Supercenter,debit,-89.82,Food & Dining,Groceries,capital one,credit card
2025-11-02,Espn,ESPN,debit,-32.21,Entertainment,Subscriptions,capital one,credit card
2025-11-03,Maverik #757,Maverik,debit,-3.95,Transportation,Fuel,capital one,credit card
2025-11-03,Wm Supercenter #1768,Walmart Supercenter,debit,-117.38,Food & Dining,Groceries,capital one,credit card
2025-11-04,Taco Bell 033174,Taco Bell,debit,-25.87,Food & Dining,Fast Food,capital one,credit card
2025-11-05,Cougar Cash,BYU (Campus Services),debit,-25.0,Education,Education,goldenwest,checking
2025-11-05,Maverik #757,Maverik,debit,-52.02,Transportation,Fuel,capital one,credit card
2025-11-07,Salary/regular Income From Goldenwest Credit Union,Payroll Deposit,credit,626.51,Income,Paychecks,goldenwest,checking
2025-11-07,Tmobile*prepd Autopy,T-Mobile,debit,-27.95,Housing & Bills,Phone,capital one,credit card
2025-11-07,Mcdonald's F13504,McDonald's,debit,-19.2,Food & Dining,Fast Food,capital one,credit card
2025-11-08,Taco Bell 030457,Taco Bell,debit,-18.15,Food & Dining,Fast Food,capital one,credit card
2025-11-08,Wm Supercenter #3620,Walmart Supercenter,debit,-49.47,Food & Dining,Groceries,capital one,credit card
2025-11-11,Cot*htl,Cotflt,debit,-662.69,Vacations / Travel,Airfare,capital one,credit card
2025-11-11,Mcdonald's F13504,McDonald's,debit,-9.11,Food & Dining,Fast Food,capital one,credit card
2025-11-11,Cot*htl,Cotflt,debit,-111.22,Vacations / Travel,Airfare,capital one,credit card
2025-11-12,Costco Whse #1118,Costco Wholesale,debit,-262.89,Food & Dining,Groceries,capital one,credit card
2025-11-13,Cougar Cash,BYU (Campus Services),debit,-25.0,Education,Education,goldenwest,checking
2025-11-14,Credit-travel Reward,Credit Travel Reward,credit,82.83,Income,CC Rewards,capital one,credit card
2025-11-16,Autozone #6900,Autozone,credit,23.64,Transportation,Repairs,capital one,credit card
2025-11-16,Autozone #6900,Autozone,debit,-254.65,Transportation,Repairs,capital one,credit card
2025-11-17,Costco Gas #1118,Costco Wholesale,debit,-49.78,Food & Dining,Groceries,capital one,credit card
2025-11-18,Withdrawal Ach Ch Jesuschrist Type: Donation Id: Xx4341 Data: Xx5586 Co: Ch Jesuschrist Name: Savanna Brooke Kerby,Church Donations,debit,-150.0,Gifts & Donations,Tithing,goldenwest,checking
2025-11-19,Panda Express #1588,Panda Express,debit,-16.51,Food & Dining,Fast Food,capital one,credit card
2025-11-19,Sq *winters Custom Hair D,Winters Custom Hair,debit,-66.0,Health & Wellness,Personal Care,capital one,credit card
2025-11-19,Wm Supercenter #1768,Walmart Supercenter,debit,-91.91,Food & Dining,Groceries,capital one,credit card
2025-11-21,Wm Supercenter #3620,Walmart Supercenter,debit,-47.64,Food & Dining,Groceries,capital one,credit card
2025-11-21,Wal-mart #3620,Walmart Supercenter,debit,-3.54,Food & Dining,Groceries,capital one,credit card
2025-11-21,Home Depot Riverton,Home Depot,debit,-1.4,Shopping & Supplies,Home Improvement,capital one,credit card
2025-11-21,Papa Murphy's Ut019 Olo,Papa Murphy's,debit,-35.31,Food & Dining,Fast Food,capital one,credit card
2025-11-21,Ross Stores #751,Ross,debit,-118.17,Shopping & Supplies,General Retail,capital one,credit card
2025-11-21,Salary/regular Income From Goldenwest Credit Union,Payroll Deposit,credit,622.01,Income,Paychecks,goldenwest,checking
2025-11-24,Delta Air Baggage Fee,Delta,debit,-75.0,Vacations / Travel,Airfare,capital one,credit card
2025-11-24,Wal-mart #1768,Walmart Supercenter,debit,-26.41,Food & Dining,Groceries,capital one,credit card
2025-11-25,Mopla Bewegt,Mopla Bewegt,debit,-67.0,Travel & Lodging,Travel & Commute,capital one,credit card
2025-11-25,Slc Panda Express 6231365,Panda Express,debit,-21.35,Food & Dining,Fast Food,capital one,credit card
2025-11-25,Cougar Cash,BYU (Campus Services),debit,-25.0,Education,Education,goldenwest,checking
2025-11-25,Credit-travel Reward,Credit Travel Reward,credit,13.23,Income,CC Rewards,capital one,credit card
2025-11-25,Mopla Bewegt,Mopla Bewegt,debit,-67.0,Travel & Lodging,Travel & Commute,capital one,credit card
2025-11-26,Saturn Electro-handels,Saturn Electro-handels,debit,-22.57,General Spending,Other,capital one,credit card
2025-11-26,Saturn Electro-handels,Saturn Electro-handels,debit,-1.15,General Spending,Other,capital one,credit card
2025-11-26,Ristorante Calice Doro,Ristorante Calice Doro,debit,-17.38,Food & Dining,Restaurants/Dining,capital one,credit card
2025-11-26,Areas Roissy 2191712,Arcotel Hafencity,debit,-10.37,Vacations / Travel,Lodging,capital one,credit card
2025-11-26,"Withdrawal Ach Byu Type: Mfc Echeck Id: Xx7280 Co: Byu Data: Byu_prod Name: Kerby, Savanna Brooke",BYU (Campus Services),debit,-172.0,Education,Education,goldenwest,checking
2025-11-26,Hotel Johann Berlin Recep,Hotel Johann,debit,-140.13,Vacations / Travel,Lodging,capital one,credit card
2025-11-27,Elaya Ht. Leipzig City,Elaya Hotel,debit,-3.76,Vacations / Travel,Lodging,capital one,credit card
2025-11-27,Rewe Markt Gmbh-zwnl Ost,Rewe Markt,debit,-3.92,Food & Dining,Groceries,capital one,credit card
2025-11-27,By Salti Gmbh,By Salti Gmbh,debit,-34.81,General Spending,Other,capital one,credit card
2025-11-27,Wiener Feinbackerei 146,Wiener Feinbackerei,debit,-4.41,Food & Dining,Fast Food,capital one,credit card
2025-11-27,Mcdonalds 00866,McDonald's,debit,-20.16,Food & Dining,Fast Food,capital one,credit card
2025-11-27,Rewe Markt Gmbh-zwnl Ost,Rewe Markt,debit,-1.5,Food & Dining,Groceries,capital one,credit card
2025-11-28,Aldi Nord,Aldi Nord,debit,-12.13,Food & Dining,Groceries,capital one,credit card
2025-11-28,Dolce Freddo Gmbh,Dolce Freddo,debit,-6.62,Food & Dining,Fast Food,capital one,credit card
2025-11-28,Rossmann 2771,Rossmann,debit,-29.33,Health & Wellness,Personal Care,capital one,credit card
2025-11-28,Arcotel Hafencity Dresden,Arcotel Hafencity,debit,-31.51,Vacations / Travel,Lodging,capital one,credit card
2025-11-28,Voelkerschlachtdenkmal Le,Voelkerschlachtdenkmal,debit,-37.52,Entertainment,Recreation,capital one,credit card
2025-11-28,Voelkerschlachtdenkmal Le,Voelkerschlachtdenkmal,debit,-30.2,Entertainment,Recreation,capital one,credit card
2025-11-29,Burger King 7988 Sot,Burger King,debit,-18.55,Food & Dining,Fast Food,capital one,credit card
2025-11-29,Le Crobag De60070000,Le Crobag De,debit,-5.22,Food & Dining,Fast Food,capital one,credit card
2025-11-29,Bm Weihnachtsland K,Bm Weihnachtsland,debit,-30.13,Shopping & Supplies,General Retail,capital one,credit card
2025-11-29,Sweetwater-recordstore-ja,Sweetwater-recordstore,debit,-46.38,General Spending,Other,capital one,credit card
2025-11-29,Spc*city-apotheken Dresde,City-apotheken,debit,-10.21,General Spending,Other,capital one,credit card
2025-11-29,Rossmann 2775,Rossmann,debit,-1.38,Health & Wellness,Personal Care,capital one,credit card
2025-11-29,Le Crobag De60070000,Le Crobag De,debit,-9.52,Food & Dining,Fast Food,capital one,credit card
2025-11-29,Willy Dany Restaurantb,Willy Dany,debit,-5.81,Food & Dining,Fast Food,capital one,credit card
2025-11-29,Sumup *gastro Veran,Sumup,debit,-5.81,General Spending,Other,capital one,credit card
2025-11-30,Sumup *oergon Design - J,Sumup,debit,-22.06,General Spending,Other,capital one,credit card
2025-11-30,Rossmann 464,Rossmann,debit,-13.49,Health & Wellness,Personal Care,capital one,credit card
2025-11-30,Abuzer Caliskan,Ristorante Calice Doro,debit,-16.25,Food & Dining,Restaurants/Dining,capital one,credit card
2025-11-30,"Ing. Radek Luka,pod Spej",Ing Radek Lukapod Spej,debit,-8.13,General Spending,Other,capital one,credit card
2025-11-30,Interest Earned,Interest Earned,credit,0.79,Savings & Investments,Dividends,sofi,savings
2025-11-30,Sumup *frank S Rustik,Sumup,debit,-9.29,General Spending,Other,capital one,credit card
2025-11-30,Cot*htl,Cotflt,debit,-68.55,Vacations / Travel,Airfare,capital one,credit card
2025-11-30,Erzgebirgspraesente Gbr,Erzgebirgspraesente Gbr,debit,-68.5,General Spending,Other,capital one,credit card
2025-11-30,Deposit Dividend Annual Percentage Yield Earned 1.00% From 11/01/25 Through 11/30/25,Interest Earned,credit,0.05,Savings & Investments,Dividends,goldenwest,money market
2025-11-30,Deposit Dividend Annual Percentage Yield Earned 0.05% From 11/01/25 Through 11/30/25,Interest Earned,credit,0.05,Savings & Investments,Dividends,goldenwest,checking
2025-11-30,Deposit Dividend Annual Percentage Yield Earned 5.99% From 11/01/25 Through 11/30/25,Interest Earned,credit,1.84,Savings & Investments,Dividends,goldenwest,gold account
2025-12-01,United Dresden Gmbh,Klm,debit,-15.66,General Spending,Other,capital one,credit card
2025-12-01,Backwerk 337,Backwerk,debit,-4.53,Food & Dining,Fast Food,capital one,credit card
2025-12-01,Chocoladefabriken Lindt,Lindt,debit,-35.49,Food & Dining,Snacks,capital one,credit card
2025-12-01,Landbaeckerei Schmidt,Landbaeckerei Schmidt,debit,-7.71,Food & Dining,Fast Food,capital one,credit card
2025-12-01,Mopla Bewegt,Mopla Bewegt,debit,-67.34,Travel & Lodging,Travel & Commute,capital one,credit card
2025-12-01,Sumup *danke - Tk Fa. R.,Sumup,debit,-150.87,General Spending,Other,capital one,credit card
2025-12-01,Nyx*gttgvendinggmbh,Nyx,debit,-8.13,General Spending,Other,capital one,credit card
2025-12-01,Mopla Bewegt,Mopla Bewegt,debit,-67.34,Travel & Lodging,Travel & Commute,capital one,credit card
2025-12-01,Mcdonalds 01723,McDonald's,debit,-11.61,Food & Dining,Fast Food,capital one,credit card
2025-12-01,Kamps Berlin 501034 1,Kamps Berlin,debit,-3.08,Food & Dining,Fast Food,capital one,credit card
2025-12-01,Mcpaper Dresden 5244 1,McPaper,debit,-48.7,General Spending,General Retailer,capital one,credit card
2025-12-01,Confiserie Felicitas,Confiserie Felicitas,debit,-11.61,Food & Dining,Fast Food,capital one,credit card
2025-12-02,Hms Host International,Hms Host International,debit,-3.5,Travel & Lodging,Travel & Commute,capital one,credit card
2025-12-02,Enticon Shops,Enticon Shops,debit,-17.42,Shopping & Supplies,General Retail,capital one,credit card
2025-12-02,Espn,ESPN,debit,-32.21,Entertainment,Subscriptions,capital one,credit card
2025-12-02,Flughafen Berlin Brand,Flughafen Berlin Brand,debit,-16.31,Travel & Lodging,Travel & Commute,capital one,credit card
2025-12-02,Sl.nord* Vpncom,Nord VPN,debit,-85.86,Housing & Bills,Service Fees,capital one,credit card
2025-12-02,Shop 5/ Schengen Fashion,Schengen Fashion,debit,-26.51,General Spending,Other,capital one,credit card
2025-12-02,Klm Airline 0744125092311,KLM,debit,-81.57,Vacations / Travel,Airfare,capital one,credit card
2025-12-03,Wal-mart #1768,Walmart Supercenter,debit,-203.32,Food & Dining,Groceries,capital one,credit card
2025-12-04,Credit-travel Reward,Credit Travel Reward,credit,24.55,Income,CC Rewards,capital one,credit card
2025-12-05,Withdrawal Ach Ch Jesuschrist Type: Donation Id: Xx4341 Data: Xx2000 Co: Ch Jesuschrist Name: Savanna Brooke Kerby,Church Donations,debit,-150.0,Gifts & Donations,Tithing,goldenwest,checking
2025-12-05,Withdrawal Ach Ch Jesuschrist Type: Donation Id: Xx4341 Data: Xx2000 Co: Ch Jesuschrist Name: Savanna Brooke Kerby,Church Donations,debit,-140.0,Gifts & Donations,Tithing,goldenwest,checking
2025-12-05,Salary/regular Income From Goldenwest Credit Union,Payroll Deposit,credit,618.73,Income,Paychecks,goldenwest,checking
2025-12-06,Cafe Zupas Saratoga Spr,Cafe Zupas,debit,-14.09,Food & Dining,Restaurants/Dining,capital one,credit card
2025-12-06,Hearts Nail Spa,Hearts Nail Spa,debit,-67.65,Health & Wellness,Personal Care,capital one,credit card
2025-12-06,Maverik #757,Maverik,debit,-44.07,Transportation,Fuel,capital one,credit card
2025-12-06,Leatherby's Family Cream,Leatherby's Family Cream,debit,-16.79,General Spending,Other,capital one,credit card
2025-12-07,Tmobile*prepd Autopy,T-Mobile,debit,-27.95,Housing & Bills,Phone,capital one,credit card
2025-12-09,Wm Supercenter #1768,Walmart Supercenter,debit,-32.69,Food & Dining,Groceries,capital one,credit card
2025-12-09,Wal-mart #1768 Se2,Walmart Supercenter,debit,-13.6,Food & Dining,Groceries,capital one,credit card
2025-12-09,Wal-mart #1768,Walmart Supercenter,debit,-30.8,Food & Dining,Groceries,capital one,credit card
2025-12-10,Cougar Cash,BYU (Campus Services),debit,-25.0,Education,Education,goldenwest,checking
2025-12-10,Home Depot Riverton,Home Depot,debit,-1.4,Shopping & Supplies,Home Improvement,capital one,credit card
2025-12-10,Jiffy Lube #3346,Jiffy Lube,debit,-281.31,Transportation,Maintenance,capital one,credit card
2025-12-10,Wm Supercenter #3620,Walmart Supercenter,debit,-41.27,Food & Dining,Groceries,capital one,credit card
2025-12-11,Utah-dmv Renewal Expre,DMV,debit,-164.25,Transportation,Licensing,capital one,credit card
2025-12-12,Costco Whse #1118,Costco Wholesale,debit,-172.94,Food & Dining,Groceries,capital one,credit card
2025-12-12,Costco Whse #1118,Costco Wholesale,debit,-21.58,Food & Dining,Groceries,capital one,credit card
2025-12-13,Wal-mart #1768,Walmart Supercenter,debit,-75.36,Food & Dining,Groceries,capital one,credit card
2025-12-13,Home Depot Riverton,Home Depot,debit,-1.4,Shopping & Supplies,Home Improvement,capital one,credit card
2025-12-16,Cbt*utah County Clerk,Cbtutah County Clerk,debit,-20.0,Housing & Bills,Service Fees,capital one,credit card
2025-12-16,Cbt*svc Fee Utah Cnty,Cbtsvc Fee Utah Cnty,debit,-1.5,Housing & Bills,Service Fees,capital one,credit card
2025-12-17,Home Depot Riverton,Home Depot,debit,-1.4,Shopping & Supplies,Home Improvement,capital one,credit card
2025-12-19,The Home Depot #8566,Home Depot,debit,-21.43,Shopping & Supplies,Home Improvement,capital one,credit card
2025-12-19,Home Depot Riverton,Home Depot,debit,-1.4,Shopping & Supplies,Home Improvement,capital one,credit card
2025-12-19,Hobby Lobby # 448,Hobby Lobby,debit,-41.48,Shopping & Supplies,Hobbies,capital one,credit card
2025-12-19,Salary/regular Income From Goldenwest Credit Union,Payroll Deposit,credit,549.0,Income,Paychecks,goldenwest,checking
2025-12-20,Post Mart,Post Mart,debit,-7.97,Shopping & Supplies,General Retail,capital one,credit card
2025-12-20,Wal-mart #1768,Walmart Supercenter,debit,-124.59,Food & Dining,Groceries,capital one,credit card
2025-12-20,Chipotle 4505,Chipotle,debit,-20.0,Food & Dining,Fast Food,capital one,credit card
2025-12-20,Home Depot Riverton,Home Depot,debit,-1.4,Shopping & Supplies,Home Improvement,capital one,credit card
2025-12-20,Wm Supercenter #3620,Walmart Supercenter,debit,-36.85,Food & Dining,Groceries,capital one,credit card
2025-12-22,Domino's 9105,Domino's Pizza,debit,-17.33,Food & Dining,Fast Food,capital one,credit card
2025-12-22,Maverik #757,Maverik,debit,-44.86,Transportation,Fuel,capital one,credit card
2025-12-23,Cinemark 343 Online,Cinemark,debit,-23.4,General Spending,Streaming/Movies,capital one,credit card
2025-12-23,Credit-travel Reward,Credit Travel Reward,credit,3.76,Income,CC Rewards,capital one,credit card
2025-12-23,Credit-travel Reward,Credit Travel Reward,credit,6.96,Income,CC Rewards,capital one,credit card
2025-12-23,Credit-travel Reward,Credit Travel Reward,credit,15.14,Income,CC Rewards,capital one,credit card
2025-12-27,Noodles And Company,Noodles And Company,debit,-10.95,Food & Dining,Fast Food,capital one,credit card
2025-12-27,Home Depot Riverton,Home Depot,debit,-1.4,Shopping & Supplies,Home Improvement,capital one,credit card
2025-12-29,Amazon Deposit,Amazon,credit,3.9,Shopping & Supplies,General Retail,goldenwest,checking
2025-12-29,Cafe Zupas - Am Fork,Cafe Zupas,debit,-14.09,Food & Dining,Restaurants/Dining,capital one,credit card
2025-12-29,Wm Supercenter #3620,Walmart Supercenter,debit,-39.62,Food & Dining,Groceries,capital one,credit card
2025-12-30,Hrb Online Tax Product,Hrb Online Tax Product,debit,-10.0,Housing & Bills,Service Fees,capital one,credit card
2025-12-31,Deposit Dividend Annual Percentage Yield Earned 2.00% From 12/01/25 Through 12/31/25,Interest Earned,credit,0.01,Savings & Investments,Dividends,goldenwest,money market
2025-12-31,Deposit Dividend Annual Percentage Yield Earned 5.99% From 12/01/25 Through 12/31/25,Interest Earned,credit,1.91,Savings & Investments,Dividends,goldenwest,gold account
2025-12-31,Rewards From Golden,Youth Engagement Promo Reward,credit,20.05,Income,Other Income,goldenwest,gold account
2025-12-31,Deposit Dividend Annual Percentage Yield Earned 0.04% From 12/01/25 Through 12/31/25,Interest Earned,credit,0.02,Savings & Investments,Dividends,goldenwest,checking
2025-12-31,Interest Earned,Interest Earned,credit,0.47,Savings & Investments,Dividends,sofi,savings
